{"_timestamp":1.7835272876330488e+09,"_step":16,"train_loss":0.03983734825391814,"binary_acc":0.9563812600969306,"train_acc":0.9892622099064773,"test_loss":0.11547274788862669,"test_acc":0.9547657512116317,"macro_f1":0.9554679544655316,"val_loss":0.13418785602192437,"epoch":15,"_wandb":{"runtime":172},"val_acc":0.9529983792544571,"confusion_matrix_table":{"_latest_artifact_path":"wandb-client-artifact://ml99qu83bno3r1xdgtg1pn0wu35ultzabohdyd7y6cpwnqo1ly41nlyce2f94kdf28xnonootnu3ftjankdam01klmzse3a8z7qeyrwgqkqjq8eet5skgeia32y4kqhw:latest/confusion_matrix_table.table.json","_type":"table-file","size":277,"nrows":9,"ncols":3,"artifact_path":"wandb-client-artifact://59yqze6g8kxen2ll4von6qo2dpyd5ssiv28stag9cnbrb5oba3wo51a7r0obx98hqqzhkupzmp7w8kafzk97xy2ca91d174tas1ppyullso56pjn9skgiadcxpml4jvq/confusion_matrix_table.table.json","log_mode":"IMMUTABLE","path":"media/table/confusion_matrix_table_16_867bed2a9fef6d2724f6.table.json","sha256":"867bed2a9fef6d2724f6b206d773974eafadb919f2b039571e39506d0cbfbefd"},"_runtime":172}