{"val_acc":0.8622366288492707,"epoch":30,"test_acc":0.8796445880452343,"confusion_matrix_table":{"ncols":3,"path":"media/table/confusion_matrix_table_31_8013a6423a7a0232044b.table.json","log_mode":"IMMUTABLE","_type":"table-file","_latest_artifact_path":"wandb-client-artifact://eau0vjkk7h3b4kog7vswjc40z2bcpufto8z0jhyur0yxwzv2fg9xk4vtcvu0xdey5cs1ek3huhnio0prlzb68i4ezas3s3aq3sevt0mzprrmkn6j69ahf3cc72jsg046:latest/confusion_matrix_table.table.json","size":278,"sha256":"8013a6423a7a0232044bacd1f09147330b553d447effe9baa2db5ddbe0e30f03","artifact_path":"wandb-client-artifact://7aib7vnia98htwlec51nmkpgkcq6g7mitwckid4kne2fu6ef0xc5l0zfodpqd6egj7hjbq4u396qbnc04rvbm9hc1vthbifdn4wptmjg7hfzouo89wpvbly373dosnw5/confusion_matrix_table.table.json","nrows":9},"clip_acc":0.612,"_wandb":{"runtime":345},"train_loss":0.33528920884234786,"train_acc":0.8708001385521302,"_step":32,"test_loss":0.3187666477602403,"_timestamp":1.7835270797931054e+09,"val_loss":0.3430324470204704,"macro_f1":0.8886990189886609,"_runtime":345}